Name,Location,Detail Link,Phone,Website
Sewa Dental Clinic,"Nakhipot Marg, Lalitpur, Nepal near Nakhipot Youth Club",https://www.nepalphonebook.com/listing/sewa-dental-clinic/,9843324841,https://sites.google.com/view/sewa-dental-clinic/home
Glow Skin & Dental clinic,"Second Floor, Indira Bhawan, Damkal Chakrapath, Thadodhunga (Dhobighat),",https://www.nepalphonebook.com/listing/glow-skin-dental-clinic/,9745615656,https://glowskindentalclinic.com.np/
Himalaya Dental Care And Multispeciality Clinic,Lagankhel,https://www.nepalphonebook.com/listing/himalaya-dental-care-and-multispeciality-clinic/,9848719854,https://himalayadentalcare.com/
Family Dental Clinic,"E-54A, First Floor, Opposite Tarang Apartment, IP Extension, West Vinod Nagar",https://www.nepalphonebook.com/listing/family-dental-clinic/,9818041313,https://familydentalclinicdelhi.com/
Miracle Dental Care And Implant Center,"Falgunanda Chowk, Near Damak Hospital, Damak-1",https://www.nepalphonebook.com/listing/miracle-dental-care-and-implant-center/,9862967474,https://miracledentaldamak.business.site/
Doctors Dental & Implant Center,"New Road-9, Pokhara",https://www.nepalphonebook.com/listing/doctors-dental-implant-center/,+977 061541719,https://doctorsdentalpokhara.com/
The Shine Dental Clinic,"The Shine Dental Clinic, Patan, Nepal",https://www.nepalphonebook.com/listing/the-shine-dental-clinic/,01-5541802,https://shinedental.com.np/
Samaj Dental – Jawalakhel,"Samaj Dental - Jawalakhel, Patan, Nepal",https://www.nepalphonebook.com/listing/samaj-dental-jawalakhel/,,
Kapil Dental Clinic,"Kapil Dental Clinic, Patan, Nepal",https://www.nepalphonebook.com/listing/kapil-dental-clinic/,01-5528391,
Kumari Dental Care,"Kumari Dental Care, Jhamsikhel Road, Patan, Nepal",https://www.nepalphonebook.com/listing/kumari-dental-care/,01-5531668,http://kumaridental.com.np/
Perfect Dental Care Center,"Perfect Dental Care Center, Lagankhel Satdobato Road, Lalitpur, Nepal, Nepal",https://www.nepalphonebook.com/listing/perfect-dental-care-center/,01-5539203,
Oral Dental Home,"Oral Dental Home, Patan, Nepal",https://www.nepalphonebook.com/listing/oral-dental-home/,01-5555990,
Patan Dental Clinic,"Patan Dental Clinic, लगनखेल मार्ग, Patan, Nepal",https://www.nepalphonebook.com/listing/patan-dental-clinic/,,
Smile Inn Dental Clinic,"Smile Inn Dental Clinic, Patan, Nepal",https://www.nepalphonebook.com/listing/smile-inn-dental-clinic/,,
Omkar Dental Hospital,"Omkar Dental Hospital, Ekantakuna Road, Patan, Nepal",https://www.nepalphonebook.com/listing/omkar-dental-hospital/,01-5552322,
The Dental City,"The Dental City, Madhyapur Thimi, Nepal",https://www.nepalphonebook.com/listing/the-dental-city/,01-6636277,
Sewa Dental Home,"Sewa Dental Home, Nagarkot Road, Bhaktapur, Nepal",https://www.nepalphonebook.com/listing/sewa-dental-home/,981-8822777,
Prime dental clinic pvt.ltd,"Prime dental clinic pvt.ltd, Bhaktapur, Nepal",https://www.nepalphonebook.com/listing/prime-dental-clinic-pvt-ltd/,01-6619494,
Bhaktapur Dental Home,"Bhaktapur Dental Home, Bhaktapur, Nepal",https://www.nepalphonebook.com/listing/bhaktapur-dental-home/,01-6610264,
Biraj Dental Hospital Pvt Ltd,"बिराज डेण्टल हस्पितल प्रा लि, ग पलि, Suryabinayak, Nepal",https://www.nepalphonebook.com/listing/biraj-dental-hospital-pvt-ltd/,01-6613106,
Sewa Dental Clinic,"Nakhipot Marg, Lalitpur, Nepal near Nakhipot Youth Club",https://www.nepalphonebook.com/listing/sewa-dental-clinic/,9843324841,https://sites.google.com/view/sewa-dental-clinic/home
Glow Skin & Dental clinic,"Second Floor, Indira Bhawan, Damkal Chakrapath, Thadodhunga (Dhobighat),",https://www.nepalphonebook.com/listing/glow-skin-dental-clinic/,9745615656,https://glowskindentalclinic.com.np/
Himalaya Dental Care And Multispeciality Clinic,Lagankhel,https://www.nepalphonebook.com/listing/himalaya-dental-care-and-multispeciality-clinic/,9848719854,https://himalayadentalcare.com/
Family Dental Clinic,"E-54A, First Floor, Opposite Tarang Apartment, IP Extension, West Vinod Nagar",https://www.nepalphonebook.com/listing/family-dental-clinic/,9818041313,https://familydentalclinicdelhi.com/
Miracle Dental Care And Implant Center,"Falgunanda Chowk, Near Damak Hospital, Damak-1",https://www.nepalphonebook.com/listing/miracle-dental-care-and-implant-center/,9862967474,https://miracledentaldamak.business.site/
Doctors Dental & Implant Center,"New Road-9, Pokhara",https://www.nepalphonebook.com/listing/doctors-dental-implant-center/,+977 061541719,https://doctorsdentalpokhara.com/
The Shine Dental Clinic,"The Shine Dental Clinic, Patan, Nepal",https://www.nepalphonebook.com/listing/the-shine-dental-clinic/,01-5541802,https://shinedental.com.np/
Samaj Dental – Jawalakhel,"Samaj Dental - Jawalakhel, Patan, Nepal",https://www.nepalphonebook.com/listing/samaj-dental-jawalakhel/,,
Kapil Dental Clinic,"Kapil Dental Clinic, Patan, Nepal",https://www.nepalphonebook.com/listing/kapil-dental-clinic/,01-5528391,
Kumari Dental Care,"Kumari Dental Care, Jhamsikhel Road, Patan, Nepal",https://www.nepalphonebook.com/listing/kumari-dental-care/,01-5531668,http://kumaridental.com.np/
Perfect Dental Care Center,"Perfect Dental Care Center, Lagankhel Satdobato Road, Lalitpur, Nepal, Nepal",https://www.nepalphonebook.com/listing/perfect-dental-care-center/,01-5539203,
Oral Dental Home,"Oral Dental Home, Patan, Nepal",https://www.nepalphonebook.com/listing/oral-dental-home/,01-5555990,
Patan Dental Clinic,"Patan Dental Clinic, लगनखेल मार्ग, Patan, Nepal",https://www.nepalphonebook.com/listing/patan-dental-clinic/,,
Smile Inn Dental Clinic,"Smile Inn Dental Clinic, Patan, Nepal",https://www.nepalphonebook.com/listing/smile-inn-dental-clinic/,,
Omkar Dental Hospital,"Omkar Dental Hospital, Ekantakuna Road, Patan, Nepal",https://www.nepalphonebook.com/listing/omkar-dental-hospital/,01-5552322,
The Dental City,"The Dental City, Madhyapur Thimi, Nepal",https://www.nepalphonebook.com/listing/the-dental-city/,01-6636277,
Sewa Dental Home,"Sewa Dental Home, Nagarkot Road, Bhaktapur, Nepal",https://www.nepalphonebook.com/listing/sewa-dental-home/,981-8822777,
Prime dental clinic pvt.ltd,"Prime dental clinic pvt.ltd, Bhaktapur, Nepal",https://www.nepalphonebook.com/listing/prime-dental-clinic-pvt-ltd/,01-6619494,
Bhaktapur Dental Home,"Bhaktapur Dental Home, Bhaktapur, Nepal",https://www.nepalphonebook.com/listing/bhaktapur-dental-home/,01-6610264,
Biraj Dental Hospital Pvt Ltd,"बिराज डेण्टल हस्पितल प्रा लि, ग पलि, Suryabinayak, Nepal",https://www.nepalphonebook.com/listing/biraj-dental-hospital-pvt-ltd/,01-6613106,
Sewa Dental Clinic,"Nakhipot Marg, Lalitpur, Nepal near Nakhipot Youth Club",https://www.nepalphonebook.com/listing/sewa-dental-clinic/,9843324841,https://sites.google.com/view/sewa-dental-clinic/home
Glow Skin & Dental clinic,"Second Floor, Indira Bhawan, Damkal Chakrapath, Thadodhunga (Dhobighat),",https://www.nepalphonebook.com/listing/glow-skin-dental-clinic/,9745615656,https://glowskindentalclinic.com.np/
Himalaya Dental Care And Multispeciality Clinic,Lagankhel,https://www.nepalphonebook.com/listing/himalaya-dental-care-and-multispeciality-clinic/,9848719854,https://himalayadentalcare.com/
Family Dental Clinic,"E-54A, First Floor, Opposite Tarang Apartment, IP Extension, West Vinod Nagar",https://www.nepalphonebook.com/listing/family-dental-clinic/,9818041313,https://familydentalclinicdelhi.com/
Miracle Dental Care And Implant Center,"Falgunanda Chowk, Near Damak Hospital, Damak-1",https://www.nepalphonebook.com/listing/miracle-dental-care-and-implant-center/,9862967474,https://miracledentaldamak.business.site/
Doctors Dental & Implant Center,"New Road-9, Pokhara",https://www.nepalphonebook.com/listing/doctors-dental-implant-center/,+977 061541719,https://doctorsdentalpokhara.com/
The Shine Dental Clinic,"The Shine Dental Clinic, Patan, Nepal",https://www.nepalphonebook.com/listing/the-shine-dental-clinic/,01-5541802,https://shinedental.com.np/
Samaj Dental – Jawalakhel,"Samaj Dental - Jawalakhel, Patan, Nepal",https://www.nepalphonebook.com/listing/samaj-dental-jawalakhel/,,
Kapil Dental Clinic,"Kapil Dental Clinic, Patan, Nepal",https://www.nepalphonebook.com/listing/kapil-dental-clinic/,01-5528391,
Kumari Dental Care,"Kumari Dental Care, Jhamsikhel Road, Patan, Nepal",https://www.nepalphonebook.com/listing/kumari-dental-care/,01-5531668,http://kumaridental.com.np/
Perfect Dental Care Center,"Perfect Dental Care Center, Lagankhel Satdobato Road, Lalitpur, Nepal, Nepal",https://www.nepalphonebook.com/listing/perfect-dental-care-center/,01-5539203,
Oral Dental Home,"Oral Dental Home, Patan, Nepal",https://www.nepalphonebook.com/listing/oral-dental-home/,01-5555990,
Patan Dental Clinic,"Patan Dental Clinic, लगनखेल मार्ग, Patan, Nepal",https://www.nepalphonebook.com/listing/patan-dental-clinic/,,
Smile Inn Dental Clinic,"Smile Inn Dental Clinic, Patan, Nepal",https://www.nepalphonebook.com/listing/smile-inn-dental-clinic/,,
Omkar Dental Hospital,"Omkar Dental Hospital, Ekantakuna Road, Patan, Nepal",https://www.nepalphonebook.com/listing/omkar-dental-hospital/,01-5552322,
The Dental City,"The Dental City, Madhyapur Thimi, Nepal",https://www.nepalphonebook.com/listing/the-dental-city/,01-6636277,
Sewa Dental Home,"Sewa Dental Home, Nagarkot Road, Bhaktapur, Nepal",https://www.nepalphonebook.com/listing/sewa-dental-home/,981-8822777,
Prime dental clinic pvt.ltd,"Prime dental clinic pvt.ltd, Bhaktapur, Nepal",https://www.nepalphonebook.com/listing/prime-dental-clinic-pvt-ltd/,01-6619494,
Bhaktapur Dental Home,"Bhaktapur Dental Home, Bhaktapur, Nepal",https://www.nepalphonebook.com/listing/bhaktapur-dental-home/,01-6610264,
Biraj Dental Hospital Pvt Ltd,"बिराज डेण्टल हस्पितल प्रा लि, ग पलि, Suryabinayak, Nepal",https://www.nepalphonebook.com/listing/biraj-dental-hospital-pvt-ltd/,01-6613106,
